Workbook

Sheet Métrico (SI)
B1: Comparativo de powerboats ~42 pés — dimensões no sistema métrico (SI)
B2: Valores calculados por fórmula a partir da aba "Imperial" (dados originais preservados). Fatores de conversão na aba "Fatores".
B4: Parâmetro (PT) | C4: Parameter (EN) | D4: Unidade | E4: Formula 400 Super Sport | F4: Hunton XRS43 | G4: Magnum 44 | H4: Riverama Super | I4: Baia One 43 | J4: C+N Endeavour 42 | K4: Regal 42 Sport Coupe | L4: Austin Parker 42-sport
B5: Comprimento total (L) / Boca (B) | C5: LOA/BOA | D5: - | E5: =IF(Imperial!C5="","",Imperial!C5) -> 3.77 | F5: =IF(Imperial!D5="","",Imperial!D5) -> 3.98 | G5: =IF(Imperial!E5="","",Imperial!E5) -> 3.58 | H5: =IF(Imperial!F5="","",Imperial!F5) -> 3.47 | I5: =IF(Imperial!G5="","",Imperial!G5) -> 2.89 | J5: =IF(Imperial!H5="","",Imperial!H5) -> 3.4 | K5: =IF(Imperial!I5="","",Imperial!I5) -> 3.26 | L5: =IF(Imperial!J5="","",Imperial!J5) -> 3.16
B6: Razão deslocamento-comprimento (DLR) | C6: DLR | D6: - | E6: =IF(Imperial!C6="","",Imperial!C6) -> 204 | F6: =IF(Imperial!D6="","",Imperial!D6) -> 224 | G6: =IF(Imperial!E6="","",Imperial!E6) -> 248 | H6: =IF(Imperial!F6="","",Imperial!F6) -> 317 | I6: =IF(Imperial!G6="","",Imperial!G6) -> 276 | J6: =IF(Imperial!H6="","",Imperial!H6) -> 184 | K6: =IF(Imperial!I6="","",Imperial!I6) -> 323 | L6: =IF(Imperial!J6="","",Imperial!J6) -> 309
B7: Deslocamento / Potência | C7: DISP./HP | D7: kg/kW | E7: =IF(Imperial!C7="","",Imperial!C7*Fatores!$E$10) -> 9.9757492 | F7: =IF(Imperial!D7="","",Imperial!D7*Fatores!$E$10) -> 10.158232 | G7: =IF(Imperial!E7="","",Imperial!E7*Fatores!$E$10) -> 12.530514 | H7: =IF(Imperial!F7="","",Imperial!F7*Fatores!$E$10) -> 13.017136 | I7: =IF(Imperial!G7="","",Imperial!G7*Fatores!$E$10) -> 22.080469 | J7: =IF(Imperial!H7="","",Imperial!H7*Fatores!$E$10) -> 14.477002 | K7: =IF(Imperial!I7="","",Imperial!I7*Fatores!$E$10) -> 10.401543 | L7: =IF(Imperial!J7="","",Imperial!J7*Fatores!$E$10) -> 19.039082
B8: Comprimento total (LOA) | C8: LOA (ft) | D8: m | E8: =IF(Imperial!C8="","",Imperial!C8*Fatores!$E$5) -> 12.6492 | F8: =IF(Imperial!D8="","",Imperial!D8*Fatores!$E$5) -> 13.13688 | G8: =IF(Imperial!E8="","",Imperial!E8*Fatores!$E$5) -> 13.4112 | H8: =IF(Imperial!F8="","",Imperial!F8*Fatores!$E$5) -> 13.38072 | I8: =IF(Imperial!G8="","",Imperial!G8*Fatores!$E$5) -> 13.31976 | J8: =IF(Imperial!H8="","",Imperial!H8*Fatores!$E$5) -> 12.89304 | K8: =IF(Imperial!I8="","",Imperial!I8*Fatores!$E$5) -> 12.89304 | L8: =IF(Imperial!J8="","",Imperial!J8*Fatores!$E$5) -> 12.4968
B9: Comprimento na linha d'água (LWL) | C9: LWL (ft) | D9: m | E9: =IF(Imperial!C9="","",Imperial!C9*Fatores!$E$5) -> 10.18032 | F9: =IF(Imperial!D9="","",Imperial!D9*Fatores!$E$5) -> 10.2108 | G9: =IF(Imperial!E9="","",Imperial!E9*Fatores!$E$5) -> 11.8872 | H9: =IF(Imperial!F9="","",Imperial!F9*Fatores!$E$5) -> 11.09472 | I9: =IF(Imperial!G9="","",Imperial!G9*Fatores!$E$5) -> 10.72896 | J9: =IF(Imperial!H9="","",Imperial!H9*Fatores!$E$5) -> 11.79576 | K9: =IF(Imperial!I9="","",Imperial!I9*Fatores!$E$5) -> 9.2964 | L9: =IF(Imperial!J9="","",Imperial!J9*Fatores!$E$5) -> 10.69848
B10: Deslocamento | C10: Displ. (lbs) | D10: kg | E10: =IF(Imperial!C10="","",Imperial!C10*Fatores!$E$6) -> 7756.4295 | F10: =IF(Imperial!D10="","",Imperial!D10*Fatores!$E$6) -> 8499.8674 | G10: =IF(Imperial!E10="","",Imperial!E10*Fatores!$E$6) -> 14968.548 | H10: =IF(Imperial!F10="","",Imperial!F10*Fatores!$E$6) -> 15539.621 | I10: =IF(Imperial!G10="","",Imperial!G10*Fatores!$E$6) -> 12192.563 | J10: =IF(Imperial!H10="","",Imperial!H10*Fatores!$E$6) -> 10795.498 | K10: =IF(Imperial!I10="","",Imperial!I10*Fatores!$E$6) -> 9298.6436 | L10: =IF(Imperial!J10="","",Imperial!J10*Fatores!$E$6) -> 13607.771
B11: Boca máxima (BOA) | C11: BOA (ft) | D11: m | E11: =IF(Imperial!C11="","",Imperial!C11*Fatores!$E$5) -> 3.3528 | F11: =IF(Imperial!D11="","",Imperial!D11*Fatores!$E$5) -> 3.29184 | G11: =IF(Imperial!E11="","",Imperial!E11*Fatores!$E$5) -> 3.74904 | H11: =IF(Imperial!F11="","",Imperial!F11*Fatores!$E$5) -> 3.87096 | I11: =IF(Imperial!G11="","",Imperial!G11*Fatores!$E$5) -> 4.60248 | J11: =IF(Imperial!H11="","",Imperial!H11*Fatores!$E$5) -> 3.77952 | K11: =IF(Imperial!I11="","",Imperial!I11*Fatores!$E$5) -> 3.9624 | L11: =IF(Imperial!J11="","",Imperial!J11*Fatores!$E$5) -> 3.9624
B12: Calado | C12: Draft (ft) | D12: m | E12: =IF(Imperial!C12="","",Imperial!C12*Fatores!$E$5) -> 0.9144 | F12: =IF(Imperial!D12="","",Imperial!D12*Fatores!$E$5) -> 0.9906 | G12: =IF(Imperial!E12="","",Imperial!E12*Fatores!$E$5) -> 1.0668 | H12: =IF(Imperial!F12="","",Imperial!F12*Fatores!$E$5) -> 1.014984 | I12: =IF(Imperial!G12="","",Imperial!G12*Fatores!$E$5) -> 0.710184 | J12: =IF(Imperial!H12="","",Imperial!H12*Fatores!$E$5) -> 0.938784 | K12: =IF(Imperial!I12="","",Imperial!I12*Fatores!$E$5) -> 1.042416 | L12: =IF(Imperial!J12="","",Imperial!J12*Fatores!$E$5)
B13: Ângulo de V do fundo (deadrise) | C13: Deadrise (deg) | D13: graus | E13: =IF(Imperial!C13="","",Imperial!C13) -> 22 | F13: =IF(Imperial!D13="","",Imperial!D13) -> 13 | G13: =IF(Imperial!E13="","",Imperial!E13) | H13: =IF(Imperial!F13="","",Imperial!F13) | I13: =IF(Imperial!G13="","",Imperial!G13) | J13: =IF(Imperial!H13="","",Imperial!H13) | K13: =IF(Imperial!I13="","",Imperial!I13) -> 18 | L13: =IF(Imperial!J13="","",Imperial!J13)
B14: Altura livre interna (pé-direito) | C14: Head Room (ft) | D14: m | E14: =IF(Imperial!C14="","",Imperial!C14*Fatores!$E$5) -> 1.880616 | F14: =IF(Imperial!D14="","",Imperial!D14*Fatores!$E$5) | G14: =IF(Imperial!E14="","",Imperial!E14*Fatores!$E$5) | H14: =IF(Imperial!F14="","",Imperial!F14*Fatores!$E$5) | I14: =IF(Imperial!G14="","",Imperial!G14*Fatores!$E$5) | J14: =IF(Imperial!H14="","",Imperial!H14*Fatores!$E$5) | K14: =IF(Imperial!I14="","",Imperial!I14*Fatores!$E$5) | L14: =IF(Imperial!J14="","",Imperial!J14*Fatores!$E$5)
B15: Combustível | C15: Fuel (GAL) | D15: L | E15: =IF(Imperial!C15="","",Imperial!C15*Fatores!$E$7) -> 946.35295 | F15: =IF(Imperial!D15="","",Imperial!D15*Fatores!$E$7) -> 760.86777 | G15: =IF(Imperial!E15="","",Imperial!E15*Fatores!$E$7) -> 1514.1647 | H15: =IF(Imperial!F15="","",Imperial!F15*Fatores!$E$7) -> 1328.6795 | I15: =IF(Imperial!G15="","",Imperial!G15*Fatores!$E$7) -> 1468.7398 | J15: =IF(Imperial!H15="","",Imperial!H15*Fatores!$E$7) -> 1449.8127 | K15: =IF(Imperial!I15="","",Imperial!I15*Fatores!$E$7) | L15: =IF(Imperial!J15="","",Imperial!J15*Fatores!$E$7)
B16: Água doce | C16: Water (GAL) | D16: L | E16: =IF(Imperial!C16="","",Imperial!C16*Fatores!$E$7) -> 189.27059 | F16: =IF(Imperial!D16="","",Imperial!D16*Fatores!$E$7) -> 189.27059 | G16: =IF(Imperial!E16="","",Imperial!E16*Fatores!$E$7) -> 283.90588 | H16: =IF(Imperial!F16="","",Imperial!F16*Fatores!$E$7) -> 200.62682 | I16: =IF(Imperial!G16="","",Imperial!G16*Fatores!$E$7) -> 348.25788 | J16: =IF(Imperial!H16="","",Imperial!H16*Fatores!$E$7) -> 299.04753 | K16: =IF(Imperial!I16="","",Imperial!I16*Fatores!$E$7) | L16: =IF(Imperial!J16="","",Imperial!J16*Fatores!$E$7)
B17: Tanque de dejetos (águas negras) | C17: Holding Tank (GAL) | D17: L | E17: =IF(Imperial!C17="","",Imperial!C17*Fatores!$E$7) -> 189.27059 | F17: =IF(Imperial!D17="","",Imperial!D17*Fatores!$E$7) | G17: =IF(Imperial!E17="","",Imperial!E17*Fatores!$E$7) | H17: =IF(Imperial!F17="","",Imperial!F17*Fatores!$E$7) | I17: =IF(Imperial!G17="","",Imperial!G17*Fatores!$E$7) | J17: =IF(Imperial!H17="","",Imperial!H17*Fatores!$E$7) | K17: =IF(Imperial!I17="","",Imperial!I17*Fatores!$E$7) | L17: =IF(Imperial!J17="","",Imperial!J17*Fatores!$E$7)
B18: Potência instalada | C18: HP | D18: kW | E18: =IF(Imperial!C18="","",Imperial!C18*Fatores!$E$8) -> 775.52787 | F18: =IF(Imperial!D18="","",Imperial!D18*Fatores!$E$8) -> 835.18386 | G18: =IF(Imperial!E18="","",Imperial!E18*Fatores!$E$8) -> 1193.1198 | H18: =IF(Imperial!F18="","",Imperial!F18*Fatores!$E$8) -> 1193.1198 | I18: =IF(Imperial!G18="","",Imperial!G18*Fatores!$E$8) -> 551.81791 | J18: =IF(Imperial!H18="","",Imperial!H18*Fatores!$E$8) -> 745.69987 | K18: =IF(Imperial!I18="","",Imperial!I18*Fatores!$E$8) -> 894.83985 | L18: =IF(Imperial!J18="","",Imperial!J18*Fatores!$E$8) -> 715.87188
B19: Motorização | C19: Engine | D19: texto | E19: =IF(Imperial!C19="","",Imperial!C19) -> (2) Mercury Racing 520 Bravo Three XR w/Axius | F19: =IF(Imperial!D19="","",Imperial!D19) -> (2) 560HP FPT WITH ARNESON SURFACE DRIVES | G19: =IF(Imperial!E19="","",Imperial!E19) -> (2) 800 HP | H19: =IF(Imperial!F19="","",Imperial!F19) -> (2) R6-800 | I19: =IF(Imperial!G19="","",Imperial!G19) -> (2) D6-370 Volvo Penta | J19: =IF(Imperial!H19="","",Imperial!H19) -> 2 x Volvo Penta IPS 500 | K19: =IF(Imperial!I19="","",Imperial!I19) -> 2 x 300-hp Volvo Penta IPS400 | L19: =IF(Imperial!J19="","",Imperial!J19) -> 2 x Volvo Penta 435
B20: Motorização (detalhe) | C20: Engine (cont.) | D20: texto | E20: =IF(Imperial!C20="","",Imperial!C20) | F20: =IF(Imperial!D20="","",Imperial!D20) | G20: =IF(Imperial!E20="","",Imperial!E20) | H20: =IF(Imperial!F20="","",Imperial!F20) | I20: =IF(Imperial!G20="","",Imperial!G20) | J20: =IF(Imperial!H20="","",Imperial!H20) -> 370 hp @ 3500 rpm | K20: =IF(Imperial!I20="","",Imperial!I20) | L20: =IF(Imperial!J20="","",Imperial!J20)
B21: Velocidade máxima | C21: Max Speed (MPH) | D21: kn | E21: =IF(Imperial!C21="","",Imperial!C21*Fatores!$E$9) -> 41.015679 | F21: =IF(Imperial!D21="","",Imperial!D21*Fatores!$E$9) -> 45.186765 | G21: =IF(Imperial!E21="","",Imperial!E21*Fatores!$E$9) -> 47.793693 | H21: =IF(Imperial!F21="","",Imperial!F21*Fatores!$E$9) -> 35.628026 | I21: =IF(Imperial!G21="","",Imperial!G21*Fatores!$E$9) | J21: =IF(Imperial!H21="","",Imperial!H21*Fatores!$E$9) -> 31.283145 | K21: =IF(Imperial!I21="","",Imperial!I21*Fatores!$E$9) -> 32.325916 | L21: =IF(Imperial!J21="","",Imperial!J21*Fatores!$E$9) -> 28.241728
B22: Velocidade de cruzeiro | C22: Cruise Speed (MPH) | D22: kn | E22: =IF(Imperial!C22="","",Imperial!C22*Fatores!$E$9) -> 25.026516 | F22: =IF(Imperial!D22="","",Imperial!D22*Fatores!$E$9) -> 26.069287 | G22: =IF(Imperial!E22="","",Imperial!E22*Fatores!$E$9) | H22: =IF(Imperial!F22="","",Imperial!F22*Fatores!$E$9) -> 31.283145 | I22: =IF(Imperial!G22="","",Imperial!G22*Fatores!$E$9) | J22: =IF(Imperial!H22="","",Imperial!H22*Fatores!$E$9) -> 27.80724 | K22: =IF(Imperial!I22="","",Imperial!I22*Fatores!$E$9) -> 25.808594 | L22: =IF(Imperial!J22="","",Imperial!J22*Fatores!$E$9) -> 24.331335
B23: Autonomia | C23: Range (NM) | D23: NM | E23: =IF(Imperial!C23="","",Imperial!C23) -> 341 | F23: =IF(Imperial!D23="","",Imperial!D23) -> 275 | G23: =IF(Imperial!E23="","",Imperial!E23) | H23: =IF(Imperial!F23="","",Imperial!F23) -> 200 | I23: =IF(Imperial!G23="","",Imperial!G23) | J23: =IF(Imperial!H23="","",Imperial!H23) | K23: =IF(Imperial!I23="","",Imperial!I23) -> 352 | L23: =IF(Imperial!J23="","",Imperial!J23) -> 350
B24: Borda livre à proa (FF) | C24: FF (ft) | D24: m | E24: =IF(Imperial!C24="","",Imperial!C24*Fatores!$E$5) -> 1.304544 | F24: =IF(Imperial!D24="","",Imperial!D24*Fatores!$E$5) -> 1.469136 | G24: =IF(Imperial!E24="","",Imperial!E24*Fatores!$E$5) -> 1.222248 | H24: =IF(Imperial!F24="","",Imperial!F24*Fatores!$E$5) -> 1.24968 | I24: =IF(Imperial!G24="","",Imperial!G24*Fatores!$E$5) -> 1.243584 | J24: =IF(Imperial!H24="","",Imperial!H24*Fatores!$E$5) | K24: =IF(Imperial!I24="","",Imperial!I24*Fatores!$E$5) | L24: =IF(Imperial!J24="","",Imperial!J24*Fatores!$E$5)
B25: Borda livre a meia-nau (FM) | C25: FM (ft) | D25: m | E25: =IF(Imperial!C25="","",Imperial!C25*Fatores!$E$5) -> 1.304544 | F25: =IF(Imperial!D25="","",Imperial!D25*Fatores!$E$5) -> 0.978408 | G25: =IF(Imperial!E25="","",Imperial!E25*Fatores!$E$5) | H25: =IF(Imperial!F25="","",Imperial!F25*Fatores!$E$5) -> 1.182624 | I25: =IF(Imperial!G25="","",Imperial!G25*Fatores!$E$5) -> 1.307592 | J25: =IF(Imperial!H25="","",Imperial!H25*Fatores!$E$5) | K25: =IF(Imperial!I25="","",Imperial!I25*Fatores!$E$5) | L25: =IF(Imperial!J25="","",Imperial!J25*Fatores!$E$5)
B26: Altura do para-brisa | C26: Windshild Height (ft) | D26: m | E26: =IF(Imperial!C26="","",Imperial!C26*Fatores!$E$5) -> 2.161032 | F26: =IF(Imperial!D26="","",Imperial!D26*Fatores!$E$5) -> 2.2098 | G26: =IF(Imperial!E26="","",Imperial!E26*Fatores!$E$5) -> 1.941576 | H26: =IF(Imperial!F26="","",Imperial!F26*Fatores!$E$5) -> 2.212848 | I26: =IF(Imperial!G26="","",Imperial!G26*Fatores!$E$5) -> 2.426208 | J26: =IF(Imperial!H26="","",Imperial!H26*Fatores!$E$5) | K26: =IF(Imperial!I26="","",Imperial!I26*Fatores!$E$5) | L26: =IF(Imperial!J26="","",Imperial!J26*Fatores!$E$5)
B27: Altura máxima do deck na linha de centro | C27: Deck @CL Max Height | D27: m | E27: =IF(Imperial!C27="","",Imperial!C27*Fatores!$E$5) -> 1.6764 | F27: =IF(Imperial!D27="","",Imperial!D27*Fatores!$E$5) -> 1.801368 | G27: =IF(Imperial!E27="","",Imperial!E27*Fatores!$E$5) -> 1.533144 | H27: =IF(Imperial!F27="","",Imperial!F27*Fatores!$E$5) -> 1.731264 | I27: =IF(Imperial!G27="","",Imperial!G27*Fatores!$E$5) -> 1.780032 | J27: =IF(Imperial!H27="","",Imperial!H27*Fatores!$E$5) | K27: =IF(Imperial!I27="","",Imperial!I27*Fatores!$E$5) | L27: =IF(Imperial!J27="","",Imperial!J27*Fatores!$E$5)
B28: Plataforma de banho: topo até a linha d'água | C28: Swim Plat. Top to WL (ft) | D28: m | E28: =IF(Imperial!C28="","",Imperial!C28*Fatores!$E$5) -> 0.48768 | F28: =IF(Imperial!D28="","",Imperial!D28*Fatores!$E$5) -> 0.33528 | G28: =IF(Imperial!E28="","",Imperial!E28*Fatores!$E$5) | H28: =IF(Imperial!F28="","",Imperial!F28*Fatores!$E$5) -> 0.41148 | I28: =IF(Imperial!G28="","",Imperial!G28*Fatores!$E$5) -> 0.268224 | J28: =IF(Imperial!H28="","",Imperial!H28*Fatores!$E$5) | K28: =IF(Imperial!I28="","",Imperial!I28*Fatores!$E$5) | L28: =IF(Imperial!J28="","",Imperial!J28*Fatores!$E$5)
B29: Altura do balaústre (corrimão) | C29: Rail Height (ft) | D29: m | E29: =IF(Imperial!C29="","",Imperial!C29*Fatores!$E$5) -> 1.792224 | F29: =IF(Imperial!D29="","",Imperial!D29*Fatores!$E$5) -> 1.956816 | G29: =IF(Imperial!E29="","",Imperial!E29*Fatores!$E$5) | H29: =IF(Imperial!F29="","",Imperial!F29*Fatores!$E$5) | I29: =IF(Imperial!G29="","",Imperial!G29*Fatores!$E$5) -> 1.840992 | J29: =IF(Imperial!H29="","",Imperial!H29*Fatores!$E$5) | K29: =IF(Imperial!I29="","",Imperial!I29*Fatores!$E$5) | L29: =IF(Imperial!J29="","",Imperial!J29*Fatores!$E$5)
B31: Nota: a coluna "Parameter (EN)" reproduz o rótulo original da planilha, inclusive a grafia de origem (ex.: "Windshild"). Células vazias indicam dado não informado na fonte.

Sheet Imperial
B3: Parameter | C3: Formula 400 Super Sport | D3: Hunton XRS43 | E3: Magnum 44 | F3: Riverama Super | G3: Baia One 43 | H3: C+N Endeavour 42 | I3: Regal 42 Sport Coupe | J3: Austin Parker 42-sport
B5: LOA/BOA | C5: 3.77 | D5: 3.98 | E5: 3.58 | F5: 3.47 | G5: 2.89 | H5: 3.4 | I5: 3.26 | J5: 3.16
B6: DLR | C6: 204 | D6: 224 | E6: 248 | F6: 317 | G6: 276 | H6: 184 | I6: 323 | J6: 309
B7: DISP./HP | C7: 16.4 | D7: 16.7 | E7: 20.6 | F7: 21.4 | G7: 36.3 | H7: 23.8 | I7: 17.1 | J7: 31.3
B8: LOA (ft) | C8: 41.5 | D8: 43.1 | E8: 44 | F8: 43.9 | G8: 43.7 | H8: 42.3 | I8: 42.3 | J8: 41
B9: LWL (ft) | C9: 33.4 | D9: 33.5 | E9: 39 | F9: 36.4 | G9: 35.2 | H9: 38.7 | I9: 30.5 | J9: 35.1
B10: Displ. (lbs) | C10: 17100 | D10: 18739 | E10: 33000 | F10: 34259 | G10: 26880 | H10: 23800 | I10: 20500 | J10: 30000
B11: BOA (ft) | C11: 11 | D11: 10.8 | E11: 12.3 | F11: 12.7 | G11: 15.1 | H11: 12.4 | I11: 13 | J11: 13
B12: Draft (ft) | C12: 3 | D12: 3.25 | E12: 3.5 | F12: 3.33 | G12: 2.33 | H12: 3.08 | I12: 3.42
B13: Deadrise (deg) | C13: 22 | D13: 13 | I13: 18
B14: Head Room (ft) | C14: 6.17
B15: Fuel (GAL) | C15: 250 | D15: 201 | E15: 400 | F15: 351 | G15: 388 | H15: 383
B16: Water (GAL) | C16: 50 | D16: 50 | E16: 75 | F16: 53 | G16: 92 | H16: 79
B17: Holding Tank (GAL) | C17: 50
B18: HP | C18: 1040 | D18: 1120 | E18: 1600 | F18: 1600 | G18: 740 | H18: 1000 | I18: 1200 | J18: 960
B19: Engine | C19: (2) Mercury Racing 520 Bravo Three XR w/Axius | D19: (2) 560HP FPT WITH ARNESON SURFACE DRIVES | E19: (2) 800 HP | F19: (2) R6-800 | G19: (2) D6-370 Volvo Penta | H19: 2 x Volvo Penta IPS 500 | I19: 2 x 300-hp Volvo Penta IPS400 | J19: 2 x Volvo Penta 435
H20: 370 hp @ 3500 rpm
B21: Max Speed (MPH) | C21: 47.2 | D21: 52 | E21: 55 | F21: 41 | H21: 36 | I21: 37.2 | J21: 32.5
B22: Cruise Speed (MPH) | C22: 28.8 | D22: 30 | F22: 36 | H22: 32 | I22: 29.7 | J22: 28
B23: Range (NM) | C23: 341 | D23: 275 | F23: 200 | I23: 352 | J23: 350
B24: FF (ft) | C24: 4.28 | D24: 4.82 | E24: 4.01 | F24: 4.1 | G24: 4.08
B25: FM (ft) | C25: 4.28 | D25: 3.21 | F25: 3.88 | G25: 4.29
B26: Windshild Height (ft) | C26: 7.09 | D26: 7.25 | E26: 6.37 | F26: 7.26 | G26: 7.96
B27: Deck @CL Max Height | C27: 5.5 | D27: 5.91 | E27: 5.03 | F27: 5.68 | G27: 5.84
B28: Swim Plat. Top to WL (ft) | C28: 1.6 | D28: 1.1 | F28: 1.35 | G28: 0.88
B29: Rail Height (ft) | C29: 5.88 | D29: 6.42 | G29: 6.04

Sheet Fatores
B2: Fatores de conversão utilizados
B4: Grandeza | C4: De | D4: Para | E4: Fator | F4: Observação
B5: Comprimento | C5: ft | D5: m | E5: 0.3048 | F5: Exato (definição internacional do pé)
B6: Massa / peso | C6: lb | D6: kg | E6: 0.45359237 | F6: Exato (libra avoirdupois)
B7: Volume | C7: US gal | D7: L | E7: 3.7854118 | F7: Galão americano (escolha do usuário)
B8: Potência | C8: hp | D8: kW | E8: 0.74569987 | F8: Horsepower mecanico (550 ft.lbf/s)
B9: Velocidade | C9: mph | D9: kn | E9: 0.86897624 | F9: Milha terrestre/h para nó (1 kn = 1,852 km/h)
B10: Densidade de massa | C10: lb/hp | D10: kg/kW | E10: =E6/E8 -> 0.60827739 | F10: Derivado: fator lb→kg dividido por fator hp→kW
B12: Não convertidos (permanecem no original)
B13: Razão LOA/BOA | C13: Adimensional.
B14: DLR | C14: Coeficiente adimensional definido em unidades imperiais (desloc. em long tons / (0,01 × LWL_ft)³). Recalcular em SI mudaria a definição.
B15: Deadrise | C15: Ângulo em graus — unidade comum aos dois sistemas.
B16: Autonomia (NM) | C16: Milha náutica mantida por escolha do usuário (1 NM = 1,852 km).
B17: Motorização | C17: Texto original preservado — designações comerciais dos motores (ex.: "800 HP") são nomes de modelo.
